,City Name,latitude,longitude,temperature,humidity,windspeed,cloudiness,country,date
0,tuktoyaktuk,69.45,-133.04,5.0,80,2.1,90,CA,1600815249
1,vostok,46.49,135.88,8.64,92,1.17,95,RU,1600815249
2,thompson,55.74,-97.86,13.0,66,4.1,75,CA,1600815124
3,atuona,-9.8,-139.03,25.77,72,8.65,78,PF,1600815067
4,albany,42.6,-73.97,17.22,38,3.58,0,US,1600815093
5,east london,-33.02,27.91,15.7,67,2.91,2,ZA,1600815307
6,pec,42.66,20.29,13.0,82,1.5,40,XK,1600815307
7,barrow,71.29,-156.79,2.0,74,7.7,90,US,1600815108
8,punta arenas,-53.15,-70.92,8.0,65,5.7,75,CL,1600815307
9,beloha,-25.17,45.05,16.92,68,5.42,77,MG,1600815308
10,saint george,37.1,-113.58,33.89,16,7.7,1,US,1600815128
11,bosaso,11.28,49.18,31.21,56,2.44,86,SO,1600815308
12,port alfred,-33.59,26.89,14.34,73,1.84,0,ZA,1600815308
13,airai,-8.93,125.41,18.67,78,1.32,3,TL,1600815133
14,dikson,73.51,80.55,5.11,85,5.06,81,RU,1600815308
15,yerbogachen,61.28,108.01,4.65,93,1.57,1,RU,1600815309
16,puerto ayora,-0.74,-90.35,20.56,83,3.13,64,EC,1600815099
17,mataura,-46.19,168.86,13.89,79,4.47,71,NZ,1600815309
18,severo-kurilsk,50.68,156.12,10.25,75,4.84,33,RU,1600815309
19,sorong,-0.88,131.25,26.29,83,1.67,100,ID,1600815309
20,alofi,-19.06,-169.92,21.0,91,2.6,90,NU,1600815309
21,ushuaia,-54.8,-68.3,6.0,70,8.2,40,AR,1600815114
22,saint-philippe,-21.36,55.77,19.0,59,3.1,35,RE,1600815310
23,sitka,57.05,-135.33,15.0,54,10.3,90,US,1600815310
24,saldanha,-33.01,17.94,9.0,76,2.1,0,ZA,1600815146
25,tura,25.52,90.22,22.93,98,2.25,98,IN,1600815310
26,rikitea,-23.12,-134.97,22.7,74,8.47,100,PF,1600815310
27,kopavogur,64.11,-21.91,4.0,91,4.1,20,IS,1600815310
28,sinnamary,5.38,-52.95,26.73,81,6.82,4,GF,1600815195
29,vaini,-21.2,-175.2,24.0,83,5.7,75,TO,1600815311
30,carnarvon,-24.87,113.63,11.0,53,4.1,0,AU,1600815311
31,qaanaaq,77.48,-69.36,-10.46,79,3.55,0,GL,1600815311
32,chiredzi,-21.05,31.67,16.43,69,2.92,4,ZW,1600815311
33,avera,33.19,-82.53,21.0,64,1.05,1,US,1600815311
34,kodiak,57.79,-152.41,10.0,91,13.86,100,US,1600815311
35,ahipara,-35.17,173.17,17.14,71,5.68,20,NZ,1600815312
36,evinayong,1.44,10.55,20.22,99,1.35,100,GQ,1600815312
37,lebu,-37.62,-73.65,9.98,76,7.91,38,CL,1600815083
38,fairbanks,64.84,-147.72,11.67,61,1.5,1,US,1600815312
39,naze,28.37,129.48,27.0,83,8.2,40,JP,1600815312
40,hobart,-42.88,147.33,12.0,58,6.2,75,AU,1600815170
41,nyurba,63.28,118.33,5.37,80,1.81,0,RU,1600815313
42,mount gambier,-37.83,140.77,9.0,93,4.1,75,AU,1600815313
43,port elizabeth,-33.92,25.57,11.0,76,2.6,0,ZA,1600815313
44,hasaki,35.73,140.83,21.11,94,3.1,75,JP,1600815075
45,norman wells,65.28,-126.83,16.0,38,2.6,20,CA,1600815313
46,tigzirt,36.89,4.12,23.32,60,1.05,82,DZ,1600815313
47,okhotsk,59.38,143.3,10.02,79,2.02,6,RU,1600815122
48,macas,-2.32,-78.12,27.0,54,4.1,20,EC,1600815314
49,dalvik,65.97,-18.53,2.0,87,2.6,75,IS,1600815314
50,jamestown,42.1,-79.24,17.78,55,3.6,1,US,1600815314
51,bluff,-46.6,168.33,13.89,79,4.47,40,NZ,1600815314
52,puerto madero,14.72,-92.42,32.0,70,3.1,40,MX,1600815314
53,victoria,22.29,114.16,28.33,80,5.34,84,HK,1600815184
54,tilichiki,60.47,166.1,5.24,66,2.43,1,RU,1600815314
55,georgetown,5.41,100.34,25.0,88,3.42,20,MY,1600815315
56,ilulissat,69.22,-51.1,-6.0,73,0.5,41,GL,1600815315
57,cape town,-33.93,18.42,14.44,87,5.7,24,ZA,1600815315
58,barranca,-10.75,-77.77,16.19,83,3.02,21,PE,1600815315
59,mitsamiouli,-11.38,43.28,26.18,70,3.98,8,KM,1600815316
60,florianopolis,-27.61,-48.5,17.0,55,1.5,75,BR,1600815316
61,nikolskoye,59.7,30.79,11.11,93,2.0,67,RU,1600815316
62,walvis bay,-22.96,14.51,13.33,87,2.6,24,NA,1600815316
63,orito,0.68,-76.88,33.0,49,2.6,40,CO,1600815316
64,yatou,37.15,122.38,18.37,72,1.73,81,CN,1600815317
65,dali,25.7,100.18,16.76,88,0.79,100,CN,1600815317
66,saskylakh,71.92,114.08,5.68,73,6.99,0,RU,1600815067
67,ambilobe,-13.2,49.05,21.4,75,2.02,51,MG,1600815081
68,verkhnyaya inta,65.98,60.31,2.89,88,1.8,99,RU,1600815317
69,puerto baquerizo moreno,-0.9,-89.6,18.91,84,6.4,75,EC,1600815317
70,bethel,41.37,-73.41,19.0,29,3.6,1,US,1600815318
71,freeport,40.66,-73.58,22.0,28,3.6,1,US,1600815318
72,berlevag,70.86,29.09,6.82,87,3.92,75,NO,1600815318
73,haines junction,60.75,-137.51,10.23,56,1.51,100,CA,1600815318
74,bogovarovo,58.98,47.02,8.35,90,3.59,100,RU,1600815318
75,kavieng,-2.57,150.8,29.37,65,4.24,100,PG,1600815318
76,kralendijk,12.15,-68.27,31.0,74,9.3,88,BQ,1600815319
77,cayenne,4.93,-52.33,28.0,78,4.6,7,GF,1600815319
78,tautira,-17.73,-149.15,30.0,62,8.7,20,PF,1600815319
79,chapais,49.78,-74.85,16.0,59,3.1,1,CA,1600815319
80,constitucion,-35.33,-72.42,12.78,77,5.27,98,CL,1600815319
81,ouadda,8.08,22.4,20.66,93,0.66,100,CF,1600815320
82,mali,12.08,-12.3,16.01,100,1.34,1,GN,1600815320
83,hilo,19.73,-155.09,28.0,65,2.97,90,US,1600815201
84,almeirim,-1.52,-52.58,29.55,54,1.99,65,BR,1600815245
85,amahai,-3.33,128.92,28.89,93,1.01,26,ID,1600815320
86,busselton,-33.65,115.33,9.44,80,3.74,31,AU,1600815320
87,atasu,48.68,71.64,5.58,77,4.87,47,KZ,1600815320
88,hovd,48.01,91.64,10.95,46,2.68,23,MN,1600815321
89,medicine hat,50.05,-110.67,17.22,59,1.5,90,CA,1600815321
90,lazaro cardenas,17.96,-102.2,29.13,77,4.02,69,MX,1600815321
91,vardo,70.37,31.11,6.0,81,8.7,75,NO,1600815321
92,sar-e pul,35.83,66.17,5.19,67,0.15,0,AF,1600815321
93,kapaa,22.08,-159.32,30.0,62,5.7,1,US,1600815321
94,lagoa,39.05,-27.98,20.33,90,6.42,91,PT,1600815322
95,longyearbyen,78.22,15.64,-3.02,92,1.34,0,SJ,1600815081
96,kaitangata,-46.28,169.85,13.09,76,2.14,73,NZ,1600815320
97,machiques,10.06,-72.55,28.24,71,1.33,100,VE,1600815322
98,mana,5.66,-53.78,26.96,80,6.31,33,GF,1600815322
99,kahului,20.89,-156.47,32.0,52,11.3,40,US,1600815178
100,enkoping,59.64,17.08,12.0,76,4.1,60,SE,1600815322
101,butaritari,3.07,172.79,28.26,77,8.35,25,KI,1600815129
102,flinders,-34.58,150.86,18.89,51,1.79,0,AU,1600815095
103,mugumu,-1.85,34.7,17.63,76,2.16,76,TZ,1600815323
104,bredasdorp,-34.53,20.04,7.0,87,1.5,58,ZA,1600815074
105,college,64.86,-147.8,11.67,53,0.99,75,US,1600815165
106,cabedelo,-6.98,-34.83,24.0,88,4.1,3,BR,1600815304
107,bengkulu,-3.8,102.27,24.61,83,2.7,68,ID,1600815102
108,namibe,-15.2,12.15,17.78,89,1.48,50,AO,1600815323
109,otane,-39.88,176.63,15.56,63,3.13,100,NZ,1600815324
110,khorixas,-20.37,14.97,14.33,46,0.88,5,NA,1600815324
111,castro,-24.79,-50.01,10.88,86,4.38,24,BR,1600815070
112,chicama,-7.84,-79.15,18.43,74,3.16,33,PE,1600815118
113,yibin,28.77,104.62,18.06,91,1.57,100,CN,1600815254
114,carlsbad,33.16,-117.35,28.33,69,5.7,1,US,1600815287
115,poum,-20.23,164.02,22.36,70,2.29,0,NC,1600815324
116,viransehir,37.24,39.76,23.77,31,3.22,0,TR,1600815311
117,ust-tsilma,65.44,52.15,5.84,91,3.61,100,RU,1600815324
118,cabo san lucas,22.89,-109.91,32.0,70,5.1,40,MX,1600815324
119,upernavik,72.79,-56.15,-2.68,88,2.46,72,GL,1600815325
120,pangkalanbuun,-2.68,111.62,23.85,92,0.37,100,ID,1600815325
121,lumphat,13.49,106.98,22.6,98,0.67,100,KH,1600815325
122,new norfolk,-42.78,147.06,11.11,68,1.34,68,AU,1600815325
123,ribeira grande,38.52,-28.7,20.64,85,4.81,93,PT,1600815132
124,quatre cocos,-20.21,57.76,21.0,73,3.1,40,MU,1600815325
125,cetate,44.1,23.05,15.88,42,2.29,8,RO,1600815326
126,pangody,65.85,74.49,2.95,82,4.61,95,RU,1600815326
127,viedma,-40.81,-63.0,11.67,53,0.45,47,AR,1600815252
128,yulara,-25.24,130.99,14.0,41,4.1,0,AU,1600815326
129,yellowknife,62.46,-114.35,12.78,81,8.7,20,CA,1600815326
130,faanui,-16.48,-151.75,25.68,76,7.13,3,PF,1600815117
131,khatanga,71.97,102.5,7.67,70,6.81,70,RU,1600815146
132,todos santos,23.45,-110.22,30.0,75,0.89,64,MX,1600815327
133,port hardy,50.7,-127.42,15.0,77,5.7,90,CA,1600815086
134,sakakah,29.97,40.21,30.0,17,4.1,0,SA,1600815327
135,northam,51.03,-4.22,15.56,91,1.79,90,GB,1600815327
136,baykit,61.67,96.37,6.03,87,1.81,100,RU,1600815327
137,yar-sale,66.83,70.83,2.75,89,5.87,44,RU,1600815328
138,hofn,64.25,-15.21,4.68,65,4.84,0,IS,1600815328
139,vao,-22.67,167.48,21.27,79,5.61,2,NC,1600815328
140,balkanabat,39.51,54.37,20.64,23,4.24,0,TM,1600815328
141,bad soden-salmunster,50.28,9.37,17.22,63,1.28,51,DE,1600815328
142,tasiilaq,65.61,-37.64,-2.0,74,4.1,100,GL,1600815115
143,geraldton,-28.77,114.6,10.0,93,2.1,0,AU,1600815329
144,vila velha,-20.33,-40.29,23.0,100,4.1,75,BR,1600815267
145,cabinda,-5.55,12.2,23.59,82,3.26,94,AO,1600815329
146,petrolina,-9.4,-40.5,27.87,43,6.45,0,BR,1600815329
147,caravelas,-17.71,-39.25,23.64,84,3.31,80,BR,1600815131
148,leningradskiy,69.38,178.42,4.94,79,7.55,99,RU,1600815330
149,pangnirtung,66.15,-65.71,3.0,51,5.1,40,CA,1600815330
150,aasiaat,68.71,-52.87,-6.67,96,1.63,67,GL,1600815330
151,san ramon,37.78,-121.98,30.56,16,7.2,1,US,1600815212
152,husavik,66.04,-17.34,2.0,89,2.6,75,IS,1600815330
153,morehead,37.27,-87.18,21.0,88,1.83,1,US,1600815331
154,goderich,43.75,-81.72,20.0,47,4.38,60,CA,1600815150
155,hithadhoo,-0.6,73.08,27.63,67,2.92,47,MV,1600815076
156,vaitape,-16.52,-151.75,26.16,75,7.09,4,PF,1600815331
157,cockburn town,21.46,-71.14,27.61,81,5.18,100,TC,1600815331
158,hermanus,-34.42,19.23,11.11,90,0.45,28,ZA,1600815331
159,chokurdakh,70.63,147.92,5.77,88,3.49,99,RU,1600815085
160,shahdadkot,27.85,67.91,29.84,19,2.28,0,PK,1600815332
161,laguna de perlas,12.34,-83.67,29.0,79,4.1,40,NI,1600815332
162,abalak,58.13,68.59,3.28,88,5.04,87,RU,1600815332
163,high level,58.52,-117.14,15.0,62,4.1,40,CA,1600815333
164,urdoma,61.75,48.54,4.03,85,4.08,0,RU,1600815333
165,cidreira,-30.18,-50.21,14.61,72,7.84,0,BR,1600815259
166,coquimbo,-29.95,-71.34,12.0,93,4.6,75,CL,1600815333
167,lorengau,-2.02,147.27,29.1,74,4.16,93,PG,1600815333
168,bonavista,48.65,-53.11,9.89,87,7.23,100,CA,1600815334
169,lecce,40.22,18.17,25.0,94,3.1,20,IT,1600815334
170,avarua,-21.21,-159.78,27.0,83,6.2,55,CK,1600815334
171,ust-maya,60.42,134.53,7.21,61,0.61,0,RU,1600815334
172,dingle,11.0,122.67,25.95,85,0.81,63,PH,1600815334
173,banepa,27.63,85.52,20.0,100,3.6,75,NP,1600815335
174,pathein,16.78,94.73,25.5,91,0.89,98,MM,1600815335
175,belmonte,-15.86,-38.88,25.0,78,3.6,75,BR,1600815335
176,tecoanapa,16.52,-98.75,29.56,71,4.36,5,MX,1600815336
177,alta floresta,-9.88,-56.09,22.46,96,0.81,100,BR,1600815066
178,lata,40.16,-8.33,20.0,93,2.6,20,PT,1600815133
179,isiro,2.77,27.62,19.61,98,0.58,55,CD,1600815336
180,fort saint james,54.43,-124.25,14.98,59,2.1,96,CA,1600815336
181,sokolo,14.73,-6.12,28.56,55,2.95,82,ML,1600815336
182,hit,33.64,42.83,28.08,26,4.88,0,IQ,1600815337
183,imbituba,-28.24,-48.67,17.0,55,1.5,75,BR,1600815065
184,tari,12.41,4.49,26.55,66,2.56,57,NG,1600815337
185,morlaix,48.58,-4.0,16.11,93,3.6,90,FR,1600815337
186,toora-khem,52.47,96.11,5.27,84,0.56,45,RU,1600815107
187,tuatapere,-46.13,167.68,13.89,79,4.47,35,NZ,1600815337
188,mayumba,-3.43,10.66,23.91,87,4.03,100,GA,1600815337
189,marawi,8.0,124.29,24.44,85,3.13,92,PH,1600815338
190,mirabad,30.44,61.84,19.22,35,7.54,0,AF,1600815338
191,malanje,-9.54,16.34,21.22,77,2.96,84,AO,1600815338
192,westport,41.14,-73.36,21.0,18,5.1,1,US,1600815063
193,narsaq,60.92,-46.05,2.0,43,2.1,0,GL,1600815338
194,pundaguitan,6.37,126.17,29.17,71,3.11,94,PH,1600815339
195,ilheus,-14.79,-39.05,22.94,90,2.9,37,BR,1600815063
196,bure,10.7,37.07,12.46,92,1.34,52,ET,1600815339
197,necocli,8.42,-76.79,31.0,70,3.1,40,CO,1600815339
198,meulaboh,4.14,96.13,24.78,88,1.76,89,ID,1600815340
199,marang,5.21,103.21,27.0,88,1.5,40,MY,1600815340
200,aklavik,68.22,-135.01,6.0,87,0.9,75,CA,1600815340
201,victor harbor,-35.57,138.62,12.78,78,0.45,20,AU,1600815340
202,hamilton,39.18,-84.53,23.33,43,2.1,1,US,1600815119
203,chuy,-33.7,-53.46,9.5,78,3.91,39,UY,1600815094
204,pevek,69.7,170.31,3.85,92,9.0,100,RU,1600815341
205,novyy urengoy,66.08,76.63,4.35,79,4.48,100,RU,1600815341
206,hualmay,-11.1,-77.61,16.99,79,3.18,18,PE,1600815341
207,tiksi,71.69,128.87,5.93,72,8.64,33,RU,1600815341
208,makubetsu,45.37,141.82,15.12,76,8.05,0,JP,1600815341
209,parczew,51.64,22.9,12.0,100,0.5,0,PL,1600815342
210,weifang,36.71,119.1,18.17,82,2.69,79,CN,1600815342
211,nanortalik,60.14,-45.24,3.05,76,5.05,0,GL,1600815342
212,samfya,-11.36,29.56,21.01,42,5.96,0,ZM,1600815342
213,luderitz,-26.65,15.16,19.36,27,1.96,0,NA,1600815342
214,oistins,13.07,-59.53,29.0,74,3.6,40,BB,1600815343
215,jyvaskyla,62.24,25.72,5.56,93,0.5,91,FI,1600815343
216,tarauaca,-8.16,-70.77,25.31,86,1.12,69,BR,1600815343
217,kokopo,-4.35,152.26,28.95,64,0.53,100,PG,1600815343
218,ostrovnoy,68.05,39.51,6.69,83,4.77,75,RU,1600815154
219,brandon,27.94,-82.29,28.33,61,4.6,40,US,1600815050
220,aska,19.61,84.67,25.33,91,0.51,68,IN,1600815344
221,doha,25.29,51.53,32.0,79,1.0,0,QA,1600815286
222,wynyard,-41.0,145.72,11.11,75,4.47,80,AU,1600815344
223,isangel,-19.55,169.27,27.0,65,4.1,40,VU,1600815344
224,souillac,-20.52,57.52,21.0,73,3.1,40,MU,1600815344
225,gat,31.61,34.76,26.11,90,2.68,2,IL,1600815122
226,provideniya,64.38,-173.3,8.0,65,3.0,4,RU,1600815344
227,nanga eboko,4.68,12.37,20.17,97,2.01,27,CM,1600815344
228,kruisfontein,-34.0,24.73,10.0,56,1.85,0,ZA,1600815345
229,codrington,-38.27,141.97,10.34,83,6.49,94,AU,1600815196
230,padang,-0.95,100.35,26.2,74,2.35,82,ID,1600815160
231,san luis,-33.3,-66.34,16.66,30,2.03,47,AR,1600815345
232,broken hill,-31.95,141.43,12.0,62,5.7,0,AU,1600815345
233,arraial do cabo,-22.97,-42.03,19.49,88,9.11,100,BR,1600815345
234,maceio,-9.67,-35.74,23.0,88,2.6,14,BR,1600815260
235,erenhot,43.65,111.98,12.53,41,2.63,48,CN,1600815346
236,laguna,38.42,-121.42,32.78,27,3.6,1,US,1600815346
237,torbay,47.67,-52.73,12.22,87,7.2,90,CA,1600815346
238,dukhovshchina,55.19,32.41,10.45,94,2.17,0,RU,1600815346
239,kununurra,-15.77,128.73,27.0,74,3.74,0,AU,1600815282
240,bambous virieux,-20.34,57.76,21.0,73,3.1,40,MU,1600815140
241,chegutu,-18.13,30.14,15.19,75,5.63,0,ZW,1600815347
242,lunglei,22.88,92.73,20.36,100,0.9,100,IN,1600815347
243,cabo rojo,18.09,-67.15,28.89,86,0.45,100,PR,1600815341
244,ekibastuz,51.67,75.37,6.96,72,5.79,94,KZ,1600815347
245,papetoai,-17.5,-149.87,30.0,62,8.7,20,PF,1600815348
246,cherskiy,68.75,161.3,2.4,83,2.43,100,RU,1600815348
247,port blair,11.67,92.75,27.77,81,2.7,100,IN,1600815349
248,komsomolets,53.75,62.07,9.68,78,9.26,100,KZ,1600815349
249,dzilam gonzalez,21.28,-88.93,29.24,67,2.82,24,MX,1600815349
250,chardara,41.25,67.97,12.23,41,4.11,19,KZ,1600815349
251,mecca,21.43,39.83,31.34,12,3.36,0,SA,1600815257
252,malakal,9.53,31.66,23.61,86,0.8,99,SS,1600815349
253,ordzhonikidze,52.44,61.74,9.35,77,8.76,92,KZ,1600815349
254,la ronge,55.1,-105.28,15.0,47,4.6,75,CA,1600815350
255,hambantota,6.12,81.12,26.63,78,6.37,93,LK,1600815350
256,leh,34.17,77.58,8.77,43,1.96,0,IN,1600815350
257,olinda,-8.01,-34.86,26.0,74,3.6,20,BR,1600815350
258,tabou,4.42,-7.35,24.45,87,4.4,66,CI,1600815351
259,koundara,12.48,-13.3,24.95,87,1.95,42,GN,1600815351
260,axim,4.87,-2.24,24.14,88,5.17,96,GH,1600815351
261,batemans bay,-35.72,150.18,18.33,62,5.81,0,AU,1600815351
262,saint-augustin,51.23,-58.65,10.06,67,2.18,100,CA,1600815352
263,kidal,18.44,1.41,32.4,32,1.03,0,ML,1600815352
264,onomichi,34.42,133.2,19.0,77,2.6,20,JP,1600815353
265,bathsheba,13.22,-59.52,29.0,74,3.6,40,BB,1600815353
266,nortelandia,-14.45,-56.8,29.54,38,1.27,4,BR,1600815353
267,minbu,20.18,94.88,24.85,91,3.21,100,MM,1600815353
268,ballina,-28.87,153.57,23.0,53,2.6,83,AU,1600815353
269,orlik,52.52,99.83,4.78,70,0.77,54,RU,1600815354
270,kuryk,43.2,51.65,15.51,32,3.28,0,KZ,1600815354
271,nuuk,64.18,-51.72,1.0,86,2.1,10,GL,1600815354
272,manta,-0.95,-80.73,27.0,69,6.2,20,EC,1600815300
273,dunmore east,52.15,-6.99,12.78,91,1.79,100,IE,1600815354
274,kieta,-6.22,155.63,29.43,59,1.75,100,PG,1600815354
275,gimli,50.63,-96.99,28.89,45,1.79,35,CA,1600815198
276,san carlos de bariloche,-41.15,-71.31,10.0,46,8.2,1,AR,1600815182
277,gaozhou,21.94,110.85,25.12,89,1.36,78,CN,1600815354
278,ewa beach,21.32,-158.01,32.0,46,4.1,75,US,1600815355
279,ubajara,-3.85,-40.92,20.41,74,1.87,1,BR,1600815355
280,kalmunai,7.42,81.82,27.32,71,1.22,74,LK,1600815355
281,raton,36.9,-104.44,26.0,16,2.1,51,US,1600815355
282,oneonta,42.45,-75.06,13.33,61,3.9,0,US,1600815355
283,sibolga,1.74,98.78,24.96,83,1.05,99,ID,1600815131
284,khorramshahr,30.44,48.17,25.0,44,4.1,0,IR,1600815356
285,port-gentil,-0.72,8.78,25.0,88,5.75,75,GA,1600815356
286,goma,-1.68,29.22,17.18,76,1.24,13,CD,1600815356
287,bom jesus,-9.07,-44.36,29.9,36,1.81,29,BR,1600815356
288,arkhangelsk,64.54,40.54,10.0,66,7.0,40,RU,1600815268
289,shiraz,29.6,52.54,19.0,25,0.99,0,IR,1600815342
290,hastings,50.86,0.57,16.67,93,1.79,14,GB,1600815357
291,vocklabruck,48.02,13.65,17.22,82,1.02,95,AT,1600815357
292,moyale,3.52,39.06,21.2,62,5.27,8,KE,1600815357
293,ancud,-41.87,-73.82,10.56,81,0.45,11,CL,1600815357
294,clyde river,70.47,-68.59,-5.0,85,3.6,20,CA,1600815358
295,xuddur,4.12,43.89,24.51,61,8.54,100,SO,1600815358
296,floro,61.6,5.03,14.0,82,14.4,100,NO,1600815358
297,half moon bay,37.46,-122.43,27.0,77,5.7,1,US,1600815358
298,baculin,7.45,126.58,27.77,74,1.72,100,PH,1600815358
299,nikolayevskaya,47.61,41.5,12.49,38,0.72,76,RU,1600815358
300,kozhva,65.11,57.05,5.1,92,3.61,100,RU,1600815359
301,warmbad,-28.45,18.73,15.92,22,2.79,0,NA,1600815359
302,vila franca do campo,37.72,-25.43,19.0,82,3.1,20,PT,1600815359
303,voyinka,45.87,33.99,14.58,62,2.59,0,UA,1600815359
304,kinshasa,-4.32,15.32,27.0,69,3.35,40,CD,1600815359
305,tongling,30.95,117.78,16.13,89,1.6,100,CN,1600815360
306,fort nelson,58.81,-122.7,14.0,44,2.6,75,CA,1600815360
307,buribay,51.96,58.16,9.7,81,8.77,90,RU,1600815360
308,sal rei,16.18,-22.92,28.0,74,3.6,20,CV,1600815360
309,lompoc,34.64,-120.46,22.78,68,4.6,1,US,1600815224
310,qaqortoq,60.72,-46.03,2.0,43,2.1,0,GL,1600815360
311,tateyama,34.98,139.87,21.0,100,5.1,75,JP,1600815360
312,albox,37.39,-2.15,23.89,43,2.24,99,ES,1600815361
313,micomeseng,2.15,10.62,20.51,99,1.1,100,GQ,1600815361
314,mar del plata,-38.0,-57.56,16.0,55,4.1,100,AR,1600815361
315,sinop,41.77,34.87,15.05,55,2.35,0,TR,1600815361
316,punta alta,-38.88,-62.07,14.13,59,4.43,17,AR,1600815361
317,belyy yar,53.6,91.39,8.0,100,2.56,100,RU,1600815362
318,mahebourg,-20.41,57.7,21.0,73,3.1,40,MU,1600815362
319,sioux lookout,50.1,-91.92,22.0,46,3.1,20,CA,1600815362
320,kiama,-34.68,150.87,18.89,45,5.36,0,AU,1600815362
321,preobrazheniye,42.9,133.91,14.49,77,4.3,55,RU,1600815362
322,taldan,53.67,124.8,7.11,96,3.05,100,RU,1600815363
323,pisco,-13.7,-76.22,18.0,77,3.6,6,PE,1600815081
324,praia,14.92,-23.51,26.0,94,2.1,20,CV,1600815363
325,matagami,49.75,-77.63,18.0,72,3.1,90,CA,1600815363
326,karatau,43.17,70.47,9.3,48,0.2,80,KZ,1600815363
327,palu,-0.89,119.87,25.47,80,0.62,99,ID,1600815364
328,kommunisticheskiy,61.68,64.48,4.43,95,4.54,100,RU,1600815364
329,jiexiu,37.02,111.91,15.67,72,0.75,90,CN,1600815364
330,coos bay,43.37,-124.22,21.11,72,3.6,1,US,1600815234
331,waipawa,-41.41,175.52,14.0,87,12.3,100,NZ,1600815364
332,gouyave,12.16,-61.73,30.0,79,5.1,20,GD,1600815364
333,te anau,-45.42,167.72,12.86,75,2.69,34,NZ,1600815365
334,baghdad,33.34,44.4,29.0,30,4.1,0,IQ,1600815310
335,santa marta,11.24,-74.2,30.0,70,3.83,100,CO,1600815138
336,paraiso,9.84,-83.87,21.67,94,2.1,90,CR,1600815365
337,kaabong,3.48,34.15,20.75,53,1.88,44,UG,1600815365
338,mabaruma,8.2,-59.78,25.81,85,1.99,72,GY,1600815365
339,briancon,44.9,6.65,16.11,87,0.9,73,FR,1600815366
340,inhambane,-23.86,35.38,18.03,76,4.09,24,MZ,1600815366
341,stepnyak,52.83,70.78,4.27,87,4.48,83,KZ,1600815366
342,taltal,-25.4,-70.48,15.11,69,3.1,22,CL,1600815366
343,dawei,14.08,98.2,25.03,91,1.36,100,MM,1600815366
344,zhigansk,66.77,123.37,5.02,76,1.74,28,RU,1600815366
345,gornopravdinsk,60.05,69.9,3.01,88,4.83,78,RU,1600815367
346,touros,-5.2,-35.46,25.0,83,3.1,20,BR,1600815146
347,erzin,36.96,36.2,26.67,81,0.33,17,TR,1600815367
348,el sauzal,31.9,-116.68,25.15,51,3.91,15,MX,1600815367
349,turukhansk,65.82,87.98,7.46,80,4.86,100,RU,1600815367
350,la asuncion,11.03,-63.86,27.96,84,5.01,73,VE,1600815367
351,vyazemskiy,47.54,134.75,12.04,80,0.94,99,RU,1600815368
352,anadyr,64.75,177.48,4.0,80,5.0,30,RU,1600815368
353,angoche,-16.23,39.91,23.66,80,6.32,12,MZ,1600815368
354,mount isa,-20.73,139.5,20.0,60,3.1,47,AU,1600815368
355,ponta do sol,32.67,-17.1,25.0,69,1.5,20,PT,1600815090
356,nagapattinam,10.77,79.83,26.38,69,4.73,12,IN,1600815368
357,vakhrushev,48.98,142.97,12.04,75,1.04,81,RU,1600815369
358,genhe,50.78,121.52,6.51,93,1.93,100,CN,1600815369
359,zhob,31.34,69.45,21.62,23,1.02,0,PK,1600815369
360,rovaniemi,66.5,25.72,3.0,69,3.6,74,FI,1600815369
361,petropavlovsk-kamchatskiy,53.05,158.65,10.0,87,1.0,20,RU,1600815369
362,turayf,31.67,38.66,25.0,33,4.1,0,SA,1600815370
363,gua musang,4.88,101.96,23.0,92,0.45,100,MY,1600815370
364,elizabeth city,36.29,-76.25,21.0,46,4.1,1,US,1600815370
365,nome,64.5,-165.41,9.44,57,5.7,1,US,1600815370
366,kartaly,53.05,60.65,9.56,78,10.37,100,RU,1600815370
367,jacareacanga,-6.22,-57.75,27.3,71,1.5,92,BR,1600815371
368,bundibugyo,0.74,30.04,19.64,84,0.99,100,UG,1600815371
369,vigrestad,58.57,5.7,13.89,95,1.79,100,NO,1600815371
370,hami,42.8,93.45,16.05,45,2.24,0,CN,1600815371
371,maldonado,-34.67,-54.92,15.0,62,1.5,91,UY,1600815371
372,acapulco,16.86,-99.89,31.0,70,5.1,20,MX,1600815371
373,atar,20.52,-13.05,34.5,31,1.34,0,MR,1600815092
374,ekhabi,53.51,142.97,10.37,73,4.53,0,RU,1600815372
375,saint-joseph,-21.37,55.62,18.0,59,3.1,21,RE,1600815372
376,gigmoto,13.78,124.39,27.48,77,0.91,98,PH,1600815372
377,angol,-37.8,-72.72,10.91,74,2.82,46,CL,1600815372
378,sabang,5.89,95.32,28.39,74,2.17,100,ID,1600815373
379,antigonish,45.62,-62.0,14.44,97,2.24,100,CA,1600815373
380,blairmore,49.6,-114.44,19.0,62,1.5,99,CA,1600815373
381,maragogi,-9.01,-35.22,23.35,83,3.74,7,BR,1600815373
382,bara,10.37,10.73,23.77,86,3.27,4,NG,1600815373
383,vanavara,60.34,102.28,3.02,93,1.43,6,RU,1600815374
384,lasa,46.62,10.7,14.0,100,2.1,75,IT,1600815374
385,monsenhor gil,-5.56,-42.61,32.0,43,1.5,2,BR,1600815374
386,barra patuca,15.8,-84.28,28.65,66,2.84,1,HN,1600815374
387,charters towers,-20.1,146.27,23.79,66,0.51,29,AU,1600815374
388,paamiut,61.99,-49.67,2.46,81,5.57,0,GL,1600815374
389,caceres,39.52,-6.37,18.89,83,2.24,97,ES,1600815375
390,ocean springs,30.41,-88.83,25.0,73,5.7,75,US,1600815375
391,zabid,14.2,43.32,31.02,60,1.1,28,YE,1600815375
392,beringovskiy,63.05,179.32,6.73,60,2.72,22,RU,1600815375
393,shenjiamen,29.96,122.3,22.22,84,5.84,99,CN,1600815375
394,green valley,31.85,-110.99,36.0,16,4.6,1,US,1600815375
395,ilula,-7.68,36.04,17.0,77,2.6,5,TZ,1600815376
396,daru,-9.08,143.21,26.49,85,7.24,100,PG,1600815376
397,sur,22.57,59.53,27.82,41,0.97,90,OM,1600815376
398,bilibino,68.05,166.44,2.16,80,1.87,100,RU,1600815221
399,serenje,-13.23,30.24,16.8,57,5.54,0,ZM,1600815376
400,kattivakkam,13.22,80.32,27.0,88,1.0,20,IN,1600815376
401,karratha,-20.74,116.85,20.81,22,6.36,0,AU,1600815377
402,mananjary,-21.22,48.33,20.87,86,0.64,33,MG,1600815377
403,san quintin,30.48,-115.95,26.02,51,5.53,0,MX,1600815272
404,zhezkazgan,47.8,67.71,8.21,55,3.78,85,KZ,1600815377
405,nishihara,26.18,127.76,27.0,88,4.35,40,JP,1600815377
406,santa isabel do rio negro,-0.41,-65.02,24.26,96,2.2,86,BR,1600815173
407,tupelo,34.26,-88.7,22.22,60,4.1,90,US,1600815377
408,kony,47.63,17.36,15.56,82,1.0,27,HU,1600815378
409,saint-pierre,-21.34,55.48,18.0,59,3.1,9,RE,1600815119
410,askim,59.58,11.16,14.0,93,6.7,55,NO,1600815378
411,castlegar,49.3,-117.67,18.33,40,0.89,85,CA,1600815378
412,boddam,57.47,-1.78,14.0,76,5.1,76,GB,1600815378
413,kaeo,-35.1,173.78,16.67,81,2.68,15,NZ,1600815378
414,langholm,55.15,-3.0,12.0,100,6.2,100,GB,1600815378
415,klaksvik,62.23,-6.59,5.0,93,2.1,99,FO,1600815379
416,pontianak,-0.03,109.33,23.34,88,1.7,100,ID,1600815379
417,san rafael,-34.62,-68.33,20.52,23,3.28,59,AR,1600815379
418,dunedin,-45.87,170.5,15.56,63,2.24,46,NZ,1600815379
419,mersing,2.43,103.84,23.0,100,2.1,92,MY,1600815379
420,maarianhamina,60.1,19.93,10.0,100,2.1,52,AX,1600815379
421,katsuura,35.13,140.3,21.0,100,5.1,75,JP,1600815380
422,mandurah,-32.55,115.7,8.89,83,3.05,1,AU,1600815346
423,kollam,8.88,76.6,25.0,100,1.0,40,IN,1600815380
424,frontera,26.93,-101.45,32.22,22,2.24,24,MX,1600815380
425,tual,-5.67,132.75,27.1,79,8.14,72,ID,1600815380
426,segou,13.43,-6.22,26.85,68,1.43,28,ML,1600815381
427,valderrama,11.41,122.08,27.39,75,1.13,39,PH,1600815381
428,juegang,32.32,121.19,20.51,74,3.88,100,CN,1600815381
429,maxixe,-23.86,35.35,17.46,78,3.59,19,MZ,1600815381
430,elwood,-37.88,144.98,12.78,66,4.6,40,AU,1600815381
431,boguchany,58.38,97.45,6.2,74,2.38,100,RU,1600815381
432,iracoubo,5.48,-53.2,26.92,80,6.93,19,GF,1600815382
433,tigil,57.8,158.67,6.71,67,1.81,5,RU,1600815382
434,jalingo,8.88,11.37,24.15,87,1.0,40,NG,1600815382
435,grindavik,63.84,-22.43,4.0,80,1.0,75,IS,1600815382
436,tomatlan,19.93,-105.25,30.53,67,4.53,22,MX,1600815382
437,qasigiannguit,68.82,-51.19,-6.0,73,0.5,60,GL,1600815382
438,emerald,-23.53,148.17,24.0,69,2.6,75,AU,1600815383
439,djibo,14.1,-1.63,26.86,63,1.9,85,BF,1600815383
440,ulladulla,-35.35,150.47,18.33,39,4.6,20,AU,1600815383
441,tuy hoa,13.08,109.3,24.95,86,2.3,60,VN,1600815383
442,batagay,67.63,134.63,6.68,63,0.52,44,RU,1600815383
443,alice springs,-23.7,133.88,18.0,27,6.7,0,AU,1600815383
444,tezu,27.92,96.17,23.3,86,0.79,100,IN,1600815384
445,boa vista,2.82,-60.67,30.0,58,4.1,40,BR,1600815310
446,punta gorda,26.93,-82.05,31.0,48,6.2,40,US,1600815384
447,leon valley,29.5,-98.62,28.33,61,7.7,20,US,1600815384
448,zanjan,36.67,48.48,13.57,77,3.61,26,IR,1600815384
449,mehamn,71.04,27.85,6.74,88,3.76,93,NO,1600815384
450,leshukonskoye,64.9,45.76,6.92,83,6.43,100,RU,1600815385
451,adrar,20.5,-10.07,35.49,19,3.74,16,MR,1600815385
452,havre-saint-pierre,50.23,-63.6,7.0,87,2.1,90,CA,1600815385
453,shunyi,40.12,116.65,19.44,88,2.0,100,CN,1600815385
454,majene,-3.54,118.97,26.34,82,4.67,100,ID,1600815385
455,camacha,33.08,-16.33,22.0,94,0.5,40,PT,1600815385
456,kavaratti,10.57,72.64,27.49,79,9.79,47,IN,1600815386
457,hokitika,-42.72,170.97,13.72,96,3.26,99,NZ,1600815090
458,port hedland,-20.32,118.57,20.0,22,3.1,0,AU,1600815386
459,san patricio,19.22,-104.7,32.0,75,7.7,75,MX,1600815386
460,saveh,35.02,50.36,18.5,35,1.31,0,IR,1600815285
461,bandarbeyla,9.49,50.81,25.74,70,13.43,98,SO,1600815386
462,olafsvik,64.89,-23.71,4.92,78,11.28,100,IS,1600815386
463,guerrero negro,27.98,-114.06,29.49,39,6.61,0,MX,1600815387
464,ordu,40.91,37.68,21.0,100,0.5,75,TR,1600815162
465,bolu,40.67,31.58,15.79,74,0.24,0,TR,1600815387
466,fort-shevchenko,44.51,50.26,15.27,41,2.95,0,KZ,1600815387
467,hirado,33.36,129.55,22.78,68,3.6,75,JP,1600815387
468,sibu,2.3,111.82,24.0,100,0.93,20,MY,1600815387
469,linxia,35.6,103.21,11.67,72,0.26,76,CN,1600815388
470,rocha,-34.48,-54.33,8.23,87,3.45,73,UY,1600815388
471,iqaluit,63.75,-68.51,1.0,86,3.1,90,CA,1600815388
472,margate,51.38,1.39,18.89,66,2.24,14,GB,1600815155
473,takoradi,4.88,-1.76,23.84,90,4.6,81,GH,1600815388
474,la reforma,25.08,-108.05,35.0,64,3.58,50,MX,1600815389
475,sao felix do xingu,-6.64,-51.99,25.99,69,0.49,82,BR,1600815389
476,yafran,32.06,12.53,27.49,26,5.04,15,LY,1600815389
477,wanning,18.8,110.4,26.08,84,0.99,71,CN,1600815389
478,pacific grove,36.62,-121.92,23.33,60,6.2,1,US,1600815173
479,eyl,7.98,49.82,25.44,74,8.48,93,SO,1600815389
480,kirakira,-10.45,161.92,28.75,72,3.53,24,SB,1600815201
481,agadez,19.75,10.25,29.84,18,4.37,0,NE,1600815390
482,itoman,26.12,127.67,27.0,83,2.6,75,JP,1600815390
483,binga,-17.62,27.34,21.84,52,2.05,0,ZW,1600815121
484,sikeston,36.88,-89.59,18.0,93,1.68,75,US,1600815390
485,samarai,-10.62,150.67,25.99,84,7.53,96,PG,1600815390
486,alcains,39.92,-7.46,18.89,98,6.26,100,PT,1600815391
487,steamboat springs,40.48,-106.83,21.67,38,1.44,1,US,1600815391
488,blagoyevo,63.37,47.92,6.75,77,5.67,86,RU,1600815391
489,harper,4.38,-7.72,24.52,87,4.74,54,LR,1600815186
490,ust-ilimsk,58.0,102.66,2.76,92,1.54,0,RU,1600815391
491,mutsu,41.29,141.22,19.0,88,9.3,75,JP,1600815391
492,wunsiedel,50.03,12.02,16.11,92,1.0,57,DE,1600815392
493,port moresby,-9.44,147.18,27.53,74,2.46,99,PG,1600815213
494,rumoi,43.93,141.64,14.83,85,4.08,74,JP,1600815392
495,cervo,43.67,-7.41,17.22,1,2.88,75,ES,1600815392
496,karasburg,-28.02,18.75,14.85,24,3.67,0,NA,1600815392
497,prince rupert,54.32,-130.32,14.0,67,3.1,90,CA,1600815392
498,sao joao da barra,-21.64,-41.05,21.13,95,6.4,100,BR,1600815393
499,taylorville,39.55,-89.29,23.33,46,3.6,1,US,1600815393
500,taoudenni,22.68,-3.98,35.97,11,3.53,0,ML,1600815393
501,komsomolskiy,40.43,71.72,12.0,71,2.1,0,UZ,1600815168
502,puerto penasco,31.32,-113.53,31.11,80,4.02,0,MX,1600815393
503,waling,27.98,83.77,21.45,93,0.99,100,NP,1600815393
504,micheweni,-4.97,39.83,25.0,85,7.49,69,TZ,1600815393
505,corridonia,43.25,13.51,20.56,77,4.47,41,IT,1600815394
506,mattawa,46.74,-119.9,26.67,39,2.1,1,US,1600815394
507,kamaishi,39.27,141.88,18.0,82,3.1,75,JP,1600815394
508,kasongo-lunda,-6.47,16.82,23.65,72,0.45,6,CD,1600815394
509,talnakh,69.49,88.4,8.0,100,7.0,75,RU,1600815394
510,stolin,51.89,26.85,13.29,76,2.91,11,BY,1600815395
511,enshi,30.3,109.48,15.59,85,0.72,86,CN,1600815395
512,roald,62.58,6.13,15.0,67,6.2,100,NO,1600815199
513,severnyy,50.68,36.55,13.0,54,3.0,20,RU,1600815395
514,srikakulam,18.3,83.9,27.32,83,5.34,4,IN,1600815395
515,tukrah,32.53,20.58,23.13,71,2.18,0,LY,1600815395
516,aksarka,66.56,67.8,1.98,89,5.6,100,RU,1600815396
517,celestun,20.87,-90.4,28.81,76,4.61,37,MX,1600815396
518,carnot,4.94,15.87,21.93,92,0.58,97,CF,1600815396
519,safaga,26.73,33.94,30.0,33,2.6,0,EG,1600815155
520,jumla,29.27,82.18,15.66,68,1.08,96,NP,1600815396
521,nizhneangarsk,55.78,109.55,5.91,65,1.74,0,RU,1600815396
522,lewistown,40.6,-77.57,21.11,34,3.6,1,US,1600815397
523,sisimiut,66.94,-53.67,-0.25,94,3.79,33,GL,1600815397
524,mubi,10.27,13.26,23.49,74,1.13,1,NG,1600815397
525,escarcega,18.61,-90.75,27.75,85,1.36,49,MX,1600815397
526,palauig,15.44,119.9,28.01,77,1.83,86,PH,1600815397
527,kenai,60.55,-151.26,11.11,66,10.8,90,US,1600815398
528,amapa,1.0,-52.0,27.24,58,2.91,64,BR,1600815398
529,aquiraz,-3.9,-38.39,26.0,78,5.1,22,BR,1600815398
530,qarchak,35.44,51.57,23.0,40,2.1,0,IR,1600815398
531,temir,49.14,57.13,10.74,73,5.2,70,KZ,1600815398
532,vanimo,-2.67,141.3,28.52,67,2.33,91,PG,1600815386
533,juneau,58.3,-134.42,13.0,66,5.1,90,US,1600815326
534,saint-georges,12.06,-61.75,30.0,79,5.1,20,GD,1600815399
535,salalah,17.02,54.09,27.0,88,1.5,75,OM,1600815399
536,pahrump,36.21,-115.98,35.0,11,2.24,0,US,1600815292
537,aguimes,27.91,-15.45,25.0,65,8.7,81,ES,1600815399
538,vanino,49.09,140.25,12.72,73,0.41,39,RU,1600815399
539,san lorenzo,-25.33,-57.53,30.0,17,2.1,0,PY,1600815399
540,manuk mangkaw,4.8,119.85,29.07,68,1.5,80,PH,1600815400
541,nova olimpia,-14.8,-57.29,29.99,38,1.48,34,BR,1600815186
542,caucaia,-3.74,-38.65,26.11,78,5.1,11,BR,1600815400
543,port augusta,-32.5,137.77,12.0,81,5.7,12,AU,1600815400
544,gao,16.64,1.64,32.0,35,2.88,5,ML,1600815400
545,port lincoln,-34.73,135.87,12.99,72,7.19,13,AU,1600815400
546,nigde,37.83,34.75,9.47,78,0.56,0,TR,1600815401
547,damghan,36.17,54.35,16.43,48,0.48,0,IR,1600815401
548,manyoni,-5.75,34.84,17.15,67,2.23,4,TZ,1600815401
549,las cruces,32.31,-106.78,33.33,11,3.1,1,US,1600815302
550,boljevac,43.83,21.95,17.0,72,1.0,7,RS,1600815402
551,pimenta bueno,-11.67,-61.19,28.53,50,1.76,55,BR,1600815402
552,lakatoro,-16.1,167.42,26.0,78,4.1,75,VU,1600815402
